dataset_name,target_epsilon,accuracy
cifar100,0.01,0.016200000420212746
cifar100,0.010773699258659447,0.011699999682605267
cifar100,0.011607259571603908,0.011699999682605267
cifar100,0.01250531238416568,0.011799999512732029
cifar100,0.013472847476259053,0.016300000250339508
cifar100,0.014515240686700398,0.016300000250339508
cifar100,0.015638283782556744,0.015600000508129597
cifar100,0.016848216639483767,0.015200000256299973
cifar100,0.018151761911853994,0.015200000256299973
cifar100,0.019556162385310417,0.015200000256299973
cifar100,0.021069221219284253,0.015200000256299973
cifar100,0.022699345303073465,0.014299999922513962
cifar100,0.02445559196637773,0.014299999922513962
cifar100,0.02634771930382417,0.008299998939037323
cifar100,0.02838624039309777,0.00950000062584877
cifar100,0.030582481707924616,0.016899999231100082
cifar100,0.03294864605046334,0.011900000274181366
cifar100,0.03549788035277094,0.011199998669326305
cifar100,0.03824434872406301,0.00989999994635582
cifar100,0.04120331114963508,0.00989999994635582
cifar100,0.04439120827871378,0.01029999926686287
cifar100,0.04782575277233758,0.009999999776482582
cifar100,0.05152602771881634,0.010999999940395355
cifar100,0.055512592663587754,0.012600000947713852
cifar100,0.05980759784259593,0.014199999161064625
cifar100,0.06443490725389782,0.015399999916553497
cifar100,0.06942023125131089,0.011100000701844692
cifar100,0.07479126939682151,0.011999999172985554
cifar100,0.0805778643654735,0.010400000028312206
cifar100,0.08681216775786633,0.010100000537931919
cifar100,0.09352881874155437,0.010100000537931919
cifar100,0.10076513651391776,0.01639999821782112
cifar100,0.1085613276558714,0.02239999920129776
cifar100,0.1169607095285147,0.01860000006854534
cifar100,0.1260099509539641,0.025300001725554466
cifar100,0.13575933151764366,0.026500001549720764
cifar100,0.1462630209327739,0.027400000020861626
cifar100,0.15757938001927174,0.03150000050663948
cifar100,0.16977128496936428,0.03689999878406525
cifar100,0.18290647670161017,0.03830000013113022
cifar100,0.1970579372444148,0.04119999706745148
cifar100,0.2123042952403112,0.04609999805688858
cifar100,0.2287302628240756,0.0575999990105629
cifar100,0.2464271063020724,0.06319999694824219
cifar100,0.2654931532480229,0.06540000438690186
cifar100,0.2860343388327383,0.06440000236034393
cifar100,0.30816479442334166,0.07840000092983246
cifar100,0.33200748172236977,0.0989999994635582
cifar100,0.3576948759701685,0.1112000048160553
cifar100,0.3853697020066086,0.13109999895095825
cifar100,0.4151857272818411,0.14959999918937683
cifar100,0.44730861622223533,0.15330000221729279
cifar100,0.481916850698548,0.2021999955177307
cifar100,0.519202721710644,0.2053000032901764
cifar100,0.5593733977987932,0.27639999985694885
cifar100,0.6026520761178672,0.3077999949455261
cifar100,0.6492792225700643,0.2621999979019165
cifar100,0.6995139078866082,0.32190001010894775
cifar100,0.7536352470819924,0.40459999442100525
cifar100,0.8119439502786887,0.42989999055862427
cifar100,0.8747639935190532,0.4715000092983246
cifar100,0.9424444188478197,0.4935999810695648
cifar100,1.0153612736668485,0.5107000470161438
cifar100,1.0939197001376042,0.5311000347137451
cifar100,1.1785561862405467,0.5519999861717224
cifar100,1.2697409909988278,0.5949000120162964
cifar100,1.367980757341359,0.6121999621391296
cifar100,1.4738213271228982,0.6248999834060669
cifar100,1.5878507739420444,0.6187999844551086
cifar100,1.7107026706081225,0.650600016117096
cifar100,1.8430596094117477,0.6811000108718872
cifar100,1.9856569947584508,0.6942000389099121
cifar100,2.139287129238106,0.7092999815940857
cifar100,2.304803615833227,0.727899968624115
cifar100,2.4831261007258063,0.7455999851226807
cifar100,2.675245383054753,0.763700008392334
cifar100,2.8822289200149087,0.7744999527931213
cifar100,3.105226757885143,0.7889999747276306
cifar100,3.345477921939666,0.7933000326156616
cifar100,3.6043173007462914,0.8025999665260315
cifar100,3.8831830631023725,0.8104000091552734
cifar100,4.183624648818498,0.818000078201294
cifar100,4.507311377748522,0.8259999752044678
cifar100,4.856041724899652,0.8317000269889832
cifar100,5.2317533131570695,0.8375999927520752
cifar100,5.6365336791449465,0.8535000085830688
cifar100,6.072631872041288,0.8464999794960022
cifar100,6.5424709497922935,0.8551000356674194
cifar100,7.048661442157817,0.8562999963760376
cifar100,7.5940158553917145,0.8594999313354492
cifar100,8.181564299148176,0.8596000075340271
cifar100,8.814571322440727,0.8731000423431396
cifar100,9.496554052198045,0.8696999549865723
cifar100,10.23130173519855,0.8774999380111694
cifar100,11.022896791962967,0.8716999888420105
cifar100,11.875737499585098,0.8783999681472778
cifar100,12.794562429531425,0.8769000768661499
cifar100,13.784476776191466,0.8868999481201172
cifar100,14.850980722466229,0.8807999491691589
cifar100,16.0,0.8862999677658081
dpdl-benchmark/patch_camelyon,0.01,0.46067100763320923
dpdl-benchmark/patch_camelyon,0.010773699258659447,0.5
dpdl-benchmark/patch_camelyon,0.011607259571603908,0.5
dpdl-benchmark/patch_camelyon,0.01250531238416568,0.4911102056503296
dpdl-benchmark/patch_camelyon,0.013472847476259053,0.5489494800567627
dpdl-benchmark/patch_camelyon,0.014515240686700398,0.5721752643585205
dpdl-benchmark/patch_camelyon,0.015638283782556744,0.5245622396469116
dpdl-benchmark/patch_camelyon,0.016848216639483767,0.5364763736724854
dpdl-benchmark/patch_camelyon,0.018151761911853994,0.5228137969970703
dpdl-benchmark/patch_camelyon,0.019556162385310417,0.5228137969970703
dpdl-benchmark/patch_camelyon,0.021069221219284253,0.6797176599502563
dpdl-benchmark/patch_camelyon,0.022699345303073465,0.6763560771942139
dpdl-benchmark/patch_camelyon,0.02445559196637773,0.6665530800819397
dpdl-benchmark/patch_camelyon,0.02634771930382417,0.6821779608726501
dpdl-benchmark/patch_camelyon,0.02838624039309777,0.7175166606903076
dpdl-benchmark/patch_camelyon,0.030582481707924616,0.7138506174087524
dpdl-benchmark/patch_camelyon,0.03294864605046334,0.7242013812065125
dpdl-benchmark/patch_camelyon,0.03549788035277094,0.750819981098175
dpdl-benchmark/patch_camelyon,0.03824434872406301,0.7561795115470886
dpdl-benchmark/patch_camelyon,0.04120331114963508,0.7538819313049316
dpdl-benchmark/patch_camelyon,0.04439120827871378,0.7561489939689636
dpdl-benchmark/patch_camelyon,0.04782575277233758,0.7428169250488281
dpdl-benchmark/patch_camelyon,0.05152602771881634,0.7428169250488281
dpdl-benchmark/patch_camelyon,0.055512592663587754,0.75748610496521
dpdl-benchmark/patch_camelyon,0.05980759784259593,0.7559031844139099
dpdl-benchmark/patch_camelyon,0.06443490725389782,0.7958581447601318
dpdl-benchmark/patch_camelyon,0.06942023125131089,0.7990051507949829
dpdl-benchmark/patch_camelyon,0.07479126939682151,0.7875484228134155
dpdl-benchmark/patch_camelyon,0.0805778643654735,0.7562839984893799
dpdl-benchmark/patch_camelyon,0.08681216775786633,0.800051212310791
dpdl-benchmark/patch_camelyon,0.09352881874155437,0.768768310546875
dpdl-benchmark/patch_camelyon,0.10076513651391776,0.8048063516616821
dpdl-benchmark/patch_camelyon,0.1085613276558714,0.8038874864578247
dpdl-benchmark/patch_camelyon,0.1169607095285147,0.8054377436637878
dpdl-benchmark/patch_camelyon,0.1260099509539641,0.810356616973877
dpdl-benchmark/patch_camelyon,0.13575933151764366,0.8126895427703857
dpdl-benchmark/patch_camelyon,0.1462630209327739,0.8193389177322388
dpdl-benchmark/patch_camelyon,0.15757938001927174,0.7947906851768494
dpdl-benchmark/patch_camelyon,0.16977128496936428,0.8132784366607666
dpdl-benchmark/patch_camelyon,0.18290647670161017,0.815673291683197
dpdl-benchmark/patch_camelyon,0.1970579372444148,0.805229663848877
dpdl-benchmark/patch_camelyon,0.2123042952403112,0.8217569589614868
dpdl-benchmark/patch_camelyon,0.2287302628240756,0.8183868527412415
dpdl-benchmark/patch_camelyon,0.2464271063020724,0.8158667683601379
dpdl-benchmark/patch_camelyon,0.2654931532480229,0.8090735673904419
dpdl-benchmark/patch_camelyon,0.2860343388327383,0.8277047872543335
dpdl-benchmark/patch_camelyon,0.30816479442334166,0.8340764045715332
dpdl-benchmark/patch_camelyon,0.33200748172236977,0.8328874707221985
dpdl-benchmark/patch_camelyon,0.3576948759701685,0.8210359811782837
dpdl-benchmark/patch_camelyon,0.3853697020066086,0.8303473591804504
dpdl-benchmark/patch_camelyon,0.4151857272818411,0.8306564688682556
dpdl-benchmark/patch_camelyon,0.44730861622223533,0.8378545045852661
dpdl-benchmark/patch_camelyon,0.481916850698548,0.8089895248413086
dpdl-benchmark/patch_camelyon,0.519202721710644,0.8251218795776367
dpdl-benchmark/patch_camelyon,0.5593733977987932,0.8308930993080139
dpdl-benchmark/patch_camelyon,0.6026520761178672,0.799859881401062
dpdl-benchmark/patch_camelyon,0.6492792225700643,0.8303404450416565
dpdl-benchmark/patch_camelyon,0.6995139078866082,0.8246367573738098
dpdl-benchmark/patch_camelyon,0.7536352470819924,0.8320780992507935
dpdl-benchmark/patch_camelyon,0.8119439502786887,0.838187575340271
dpdl-benchmark/patch_camelyon,0.8747639935190532,0.8332462310791016
dpdl-benchmark/patch_camelyon,0.9424444188478197,0.8304334878921509
dpdl-benchmark/patch_camelyon,1.0153612736668485,0.8337448835372925
dpdl-benchmark/patch_camelyon,1.0939197001376042,0.8294686079025269
dpdl-benchmark/patch_camelyon,1.1785561862405467,0.8315126895904541
dpdl-benchmark/patch_camelyon,1.2697409909988278,0.8290077447891235
dpdl-benchmark/patch_camelyon,1.367980757341359,0.8389930725097656
dpdl-benchmark/patch_camelyon,1.4738213271228982,0.8235433101654053
dpdl-benchmark/patch_camelyon,1.5878507739420444,0.8410980105400085
dpdl-benchmark/patch_camelyon,1.7107026706081225,0.8399351835250854
dpdl-benchmark/patch_camelyon,1.8430596094117477,0.8434145450592041
dpdl-benchmark/patch_camelyon,1.9856569947584508,0.8400866985321045
dpdl-benchmark/patch_camelyon,2.139287129238106,0.8401215076446533
dpdl-benchmark/patch_camelyon,2.304803615833227,0.8427116870880127
dpdl-benchmark/patch_camelyon,2.4831261007258063,0.8452188968658447
dpdl-benchmark/patch_camelyon,2.675245383054753,0.8475682735443115
dpdl-benchmark/patch_camelyon,2.8822289200149087,0.8503485918045044
dpdl-benchmark/patch_camelyon,3.105226757885143,0.846799373626709
dpdl-benchmark/patch_camelyon,3.345477921939666,0.8493348956108093
dpdl-benchmark/patch_camelyon,3.6043173007462914,0.8519004583358765
dpdl-benchmark/patch_camelyon,3.8831830631023725,0.8478670120239258
dpdl-benchmark/patch_camelyon,4.183624648818498,0.8460946083068848
dpdl-benchmark/patch_camelyon,4.507311377748522,0.8416985273361206
dpdl-benchmark/patch_camelyon,4.856041724899652,0.8467042446136475
dpdl-benchmark/patch_camelyon,5.2317533131570695,0.8509508371353149
dpdl-benchmark/patch_camelyon,5.6365336791449465,0.8424304723739624
dpdl-benchmark/patch_camelyon,6.072631872041288,0.8433161973953247
dpdl-benchmark/patch_camelyon,6.5424709497922935,0.8283251523971558
dpdl-benchmark/patch_camelyon,7.048661442157817,0.8664637207984924
dpdl-benchmark/patch_camelyon,7.5940158553917145,0.8311350345611572
dpdl-benchmark/patch_camelyon,8.181564299148176,0.8674476146697998
dpdl-benchmark/patch_camelyon,8.814571322440727,0.8342495560646057
dpdl-benchmark/patch_camelyon,9.496554052198045,0.8746219873428345
dpdl-benchmark/patch_camelyon,10.23130173519855,0.8693368434906006
dpdl-benchmark/patch_camelyon,11.022896791962967,0.8505802154541016
dpdl-benchmark/patch_camelyon,11.875737499585098,0.8668558597564697
dpdl-benchmark/patch_camelyon,12.794562429531425,0.860203742980957
dpdl-benchmark/patch_camelyon,13.784476776191466,0.871997594833374
dpdl-benchmark/patch_camelyon,14.850980722466229,0.8486602306365967
dpdl-benchmark/patch_camelyon,16.0,0.8463671207427979
dpdl-benchmark/sun397,0.01,0.003147799987345934
dpdl-benchmark/sun397,0.010773699258659447,0.003183492925018072
dpdl-benchmark/sun397,0.011607259571603908,0.003243502927944064
dpdl-benchmark/sun397,0.01250531238416568,0.003329798113554716
dpdl-benchmark/sun397,0.013472847476259053,0.003329798113554716
dpdl-benchmark/sun397,0.014515240686700398,0.002763250609859824
dpdl-benchmark/sun397,0.015638283782556744,0.002763250609859824
dpdl-benchmark/sun397,0.016848216639483767,0.0025655266363173723
dpdl-benchmark/sun397,0.018151761911853994,0.0025655266363173723
dpdl-benchmark/sun397,0.019556162385310417,0.0025655266363173723
dpdl-benchmark/sun397,0.021069221219284253,0.002633175812661648
dpdl-benchmark/sun397,0.022699345303073465,0.002640685997903347
dpdl-benchmark/sun397,0.02445559196637773,0.002640685997903347
dpdl-benchmark/sun397,0.02634771930382417,0.002640685997903347
dpdl-benchmark/sun397,0.02838624039309777,0.002446848899126053
dpdl-benchmark/sun397,0.030582481707924616,0.0031982148066163063
dpdl-benchmark/sun397,0.03294864605046334,0.0031253653578460217
dpdl-benchmark/sun397,0.03549788035277094,0.003323648124933243
dpdl-benchmark/sun397,0.03824434872406301,0.00282167992554605
dpdl-benchmark/sun397,0.04120331114963508,0.002831533085554838
dpdl-benchmark/sun397,0.04439120827871378,0.003654617117717862
dpdl-benchmark/sun397,0.04782575277233758,0.003123435191810131
dpdl-benchmark/sun397,0.05152602771881634,0.003356494242325425
dpdl-benchmark/sun397,0.055512592663587754,0.0037373192608356476
dpdl-benchmark/sun397,0.05980759784259593,0.00428323308005929
dpdl-benchmark/sun397,0.06443490725389782,0.0031115165911614895
dpdl-benchmark/sun397,0.06942023125131089,0.004289058968424797
dpdl-benchmark/sun397,0.07479126939682151,0.004558861255645752
dpdl-benchmark/sun397,0.0805778643654735,0.004525211174041033
dpdl-benchmark/sun397,0.08681216775786633,0.00573811586946249
dpdl-benchmark/sun397,0.09352881874155437,0.007229885086417198
dpdl-benchmark/sun397,0.10076513651391776,0.005194893106818199
dpdl-benchmark/sun397,0.1085613276558714,0.00878598727285862
dpdl-benchmark/sun397,0.1169607095285147,0.007066643796861172
dpdl-benchmark/sun397,0.1260099509539641,0.00705932080745697
dpdl-benchmark/sun397,0.13575933151764366,0.007757966872304678
dpdl-benchmark/sun397,0.1462630209327739,0.009320560842752457
dpdl-benchmark/sun397,0.15757938001927174,0.010138318873941898
dpdl-benchmark/sun397,0.16977128496936428,0.00795055367052555
dpdl-benchmark/sun397,0.18290647670161017,0.012123750522732735
dpdl-benchmark/sun397,0.1970579372444148,0.01305199321359396
dpdl-benchmark/sun397,0.2123042952403112,0.015836630016565323
dpdl-benchmark/sun397,0.2287302628240756,0.01866353116929531
dpdl-benchmark/sun397,0.2464271063020724,0.014373770914971828
dpdl-benchmark/sun397,0.2654931532480229,0.02087574452161789
dpdl-benchmark/sun397,0.2860343388327383,0.023272881284356117
dpdl-benchmark/sun397,0.30816479442334166,0.02281012386083603
dpdl-benchmark/sun397,0.33200748172236977,0.027219388633966446
dpdl-benchmark/sun397,0.3576948759701685,0.03244752064347267
dpdl-benchmark/sun397,0.3853697020066086,0.03601733222603798
dpdl-benchmark/sun397,0.4151857272818411,0.038289874792099
dpdl-benchmark/sun397,0.44730861622223533,0.04496212303638458
dpdl-benchmark/sun397,0.481916850698548,0.05127223953604698
dpdl-benchmark/sun397,0.519202721710644,0.053365595638751984
dpdl-benchmark/sun397,0.5593733977987932,0.06512244045734406
dpdl-benchmark/sun397,0.6026520761178672,0.07745930552482605
dpdl-benchmark/sun397,0.6492792225700643,0.08618275821208954
dpdl-benchmark/sun397,0.6995139078866082,0.09220672398805618
dpdl-benchmark/sun397,0.7536352470819924,0.09920479357242584
dpdl-benchmark/sun397,0.8119439502786887,0.11007314920425415
dpdl-benchmark/sun397,0.8747639935190532,0.12014231085777283
dpdl-benchmark/sun397,0.9424444188478197,0.12964680790901184
dpdl-benchmark/sun397,1.0153612736668485,0.1449398696422577
dpdl-benchmark/sun397,1.0939197001376042,0.14970113337039948
dpdl-benchmark/sun397,1.1785561862405467,0.1657143235206604
dpdl-benchmark/sun397,1.2697409909988278,0.17054152488708496
dpdl-benchmark/sun397,1.367980757341359,0.19081377983093262
dpdl-benchmark/sun397,1.4738213271228982,0.198375403881073
dpdl-benchmark/sun397,1.5878507739420444,0.20739597082138062
dpdl-benchmark/sun397,1.7107026706081225,0.21859465539455414
dpdl-benchmark/sun397,1.8430596094117477,0.22750774025917053
dpdl-benchmark/sun397,1.9856569947584508,0.24104349315166473
dpdl-benchmark/sun397,2.139287129238106,0.26036304235458374
dpdl-benchmark/sun397,2.304803615833227,0.26444512605667114
dpdl-benchmark/sun397,2.4831261007258063,0.2947317063808441
dpdl-benchmark/sun397,2.675245383054753,0.3065343201160431
dpdl-benchmark/sun397,2.8822289200149087,0.30371665954589844
dpdl-benchmark/sun397,3.105226757885143,0.3136087954044342
dpdl-benchmark/sun397,3.345477921939666,0.33622264862060547
dpdl-benchmark/sun397,3.6043173007462914,0.3544780910015106
dpdl-benchmark/sun397,3.8831830631023725,0.34766510128974915
dpdl-benchmark/sun397,4.183624648818498,0.3927665054798126
dpdl-benchmark/sun397,4.507311377748522,0.40447670221328735
dpdl-benchmark/sun397,4.856041724899652,0.4193069636821747
dpdl-benchmark/sun397,5.2317533131570695,0.43507274985313416
dpdl-benchmark/sun397,5.6365336791449465,0.4299321174621582
dpdl-benchmark/sun397,6.072631872041288,0.4636050760746002
dpdl-benchmark/sun397,6.5424709497922935,0.4764281213283539
dpdl-benchmark/sun397,7.048661442157817,0.48555707931518555
dpdl-benchmark/sun397,7.5940158553917145,0.49609482288360596
dpdl-benchmark/sun397,8.181564299148176,0.5054581165313721
dpdl-benchmark/sun397,8.814571322440727,0.5192988514900208
dpdl-benchmark/sun397,9.496554052198045,0.5308072566986084
dpdl-benchmark/sun397,10.23130173519855,0.5384119749069214
dpdl-benchmark/sun397,11.022896791962967,0.5394222736358643
dpdl-benchmark/sun397,11.875737499585098,0.5511720180511475
dpdl-benchmark/sun397,12.794562429531425,0.562282919883728
dpdl-benchmark/sun397,13.784476776191466,0.5683724880218506
dpdl-benchmark/sun397,14.850980722466229,0.5744642615318298
dpdl-benchmark/sun397,16.0,0.5808471441268921
dpdl-benchmark/sun397,17.211049379522922,0.5923394560813904
dpdl-benchmark/sun397,18.513763796523516,0.5983404517173767
dpdl-benchmark/sun397,19.915081431424372,0.6028567552566528
dpdl-benchmark/sun397,21.42246561959156,0.6065683364868164
dpdl-benchmark/sun397,23.04394460062014,0.608242392539978
dpdl-benchmark/sun397,24.788154276266493,0.6130499839782715
dpdl-benchmark/sun397,26.664384204753418,0.6265996694564819
dpdl-benchmark/sun397,28.682627076411382,0.6211482286453247
dpdl-benchmark/sun397,30.853631934159846,0.6303477883338928
dpdl-benchmark/sun397,32.0,0.6280093193054199
dpdl-benchmark/sun397,33.18896142227813,0.6301782727241516
dpdl-benchmark/sun397,35.701053368369394,0.6412302255630493
dpdl-benchmark/sun397,38.40328702649928,0.6501870155334473
dpdl-benchmark/sun397,41.310054334316945,0.6499519348144531
dpdl-benchmark/sun397,44.436836563669,0.6515709161758423
dpdl-benchmark/sun397,47.80028677294355,0.6547634601593018
dpdl-benchmark/sun397,51.41831850028046,0.6582000255584717
dpdl-benchmark/sun397,55.31020117002272,0.6663649082183838
dpdl-benchmark/sun397,59.49666272053798,0.6645297408103943
dpdl-benchmark/sun397,64.0,0.6680210828781128
dpdl-benchmark/svhn_cropped,0.01,0.11397407948970795
dpdl-benchmark/svhn_cropped,0.010773699258659447,0.11500658094882965
dpdl-benchmark/svhn_cropped,0.011607259571603908,0.11500658094882965
dpdl-benchmark/svhn_cropped,0.01250531238416568,0.11500658094882965
dpdl-benchmark/svhn_cropped,0.013472847476259053,0.11652207374572754
dpdl-benchmark/svhn_cropped,0.014515240686700398,0.11682901531457901
dpdl-benchmark/svhn_cropped,0.015638283782556744,0.11799689382314682
dpdl-benchmark/svhn_cropped,0.016848216639483767,0.12264935672283173
dpdl-benchmark/svhn_cropped,0.018151761911853994,0.11493835598230362
dpdl-benchmark/svhn_cropped,0.019556162385310417,0.11493835598230362
dpdl-benchmark/svhn_cropped,0.021069221219284253,0.11374005675315857
dpdl-benchmark/svhn_cropped,0.022699345303073465,0.11393599957227707
dpdl-benchmark/svhn_cropped,0.02445559196637773,0.11538179963827133
dpdl-benchmark/svhn_cropped,0.02634771930382417,0.1203233152627945
dpdl-benchmark/svhn_cropped,0.02838624039309777,0.1203233152627945
dpdl-benchmark/svhn_cropped,0.030582481707924616,0.1203233152627945
dpdl-benchmark/svhn_cropped,0.03294864605046334,0.12005948275327682
dpdl-benchmark/svhn_cropped,0.03549788035277094,0.13584759831428528
dpdl-benchmark/svhn_cropped,0.03824434872406301,0.14595149457454681
dpdl-benchmark/svhn_cropped,0.04120331114963508,0.14083433151245117
dpdl-benchmark/svhn_cropped,0.04439120827871378,0.14242339134216309
dpdl-benchmark/svhn_cropped,0.04782575277233758,0.15577128529548645
dpdl-benchmark/svhn_cropped,0.05152602771881634,0.14427953958511353
dpdl-benchmark/svhn_cropped,0.055512592663587754,0.15516680479049683
dpdl-benchmark/svhn_cropped,0.05980759784259593,0.15509043633937836
dpdl-benchmark/svhn_cropped,0.06443490725389782,0.1572725772857666
dpdl-benchmark/svhn_cropped,0.06942023125131089,0.1446790248155594
dpdl-benchmark/svhn_cropped,0.07479126939682151,0.16017204523086548
dpdl-benchmark/svhn_cropped,0.0805778643654735,0.15302059054374695
dpdl-benchmark/svhn_cropped,0.08681216775786633,0.163286954164505
dpdl-benchmark/svhn_cropped,0.09352881874155437,0.1638355255126953
dpdl-benchmark/svhn_cropped,0.10076513651391776,0.16898111999034882
dpdl-benchmark/svhn_cropped,0.1085613276558714,0.17651398479938507
dpdl-benchmark/svhn_cropped,0.1169607095285147,0.1893429458141327
dpdl-benchmark/svhn_cropped,0.1260099509539641,0.18884369730949402
dpdl-benchmark/svhn_cropped,0.13575933151764366,0.19116616249084473
dpdl-benchmark/svhn_cropped,0.1462630209327739,0.20007413625717163
dpdl-benchmark/svhn_cropped,0.15757938001927174,0.20500357449054718
dpdl-benchmark/svhn_cropped,0.16977128496936428,0.21406078338623047
dpdl-benchmark/svhn_cropped,0.18290647670161017,0.22516295313835144
dpdl-benchmark/svhn_cropped,0.1970579372444148,0.22514259815216064
dpdl-benchmark/svhn_cropped,0.2123042952403112,0.22797486186027527
dpdl-benchmark/svhn_cropped,0.2287302628240756,0.2540096342563629
dpdl-benchmark/svhn_cropped,0.2464271063020724,0.24506044387817383
dpdl-benchmark/svhn_cropped,0.2654931532480229,0.2507895827293396
dpdl-benchmark/svhn_cropped,0.2860343388327383,0.2583896815776825
dpdl-benchmark/svhn_cropped,0.30816479442334166,0.2612384557723999
dpdl-benchmark/svhn_cropped,0.33200748172236977,0.32710036635398865
dpdl-benchmark/svhn_cropped,0.3576948759701685,0.34671449661254883
dpdl-benchmark/svhn_cropped,0.3853697020066086,0.3652021884918213
dpdl-benchmark/svhn_cropped,0.4151857272818411,0.4079746603965759
dpdl-benchmark/svhn_cropped,0.44730861622223533,0.3918123245239258
dpdl-benchmark/svhn_cropped,0.481916850698548,0.4516878128051758
dpdl-benchmark/svhn_cropped,0.519202721710644,0.47601547837257385
dpdl-benchmark/svhn_cropped,0.5593733977987932,0.522956907749176
dpdl-benchmark/svhn_cropped,0.6026520761178672,0.5519362688064575
dpdl-benchmark/svhn_cropped,0.6492792225700643,0.5089024305343628
dpdl-benchmark/svhn_cropped,0.6995139078866082,0.5970792770385742
dpdl-benchmark/svhn_cropped,0.7536352470819924,0.62859708070755
dpdl-benchmark/svhn_cropped,0.8119439502786887,0.6008567810058594
dpdl-benchmark/svhn_cropped,0.8747639935190532,0.6030847430229187
dpdl-benchmark/svhn_cropped,0.9424444188478197,0.6725071668624878
dpdl-benchmark/svhn_cropped,1.0153612736668485,0.6671531200408936
dpdl-benchmark/svhn_cropped,1.0939197001376042,0.7099147439002991
dpdl-benchmark/svhn_cropped,1.1785561862405467,0.7019392251968384
dpdl-benchmark/svhn_cropped,1.2697409909988278,0.7071706652641296
dpdl-benchmark/svhn_cropped,1.367980757341359,0.7466094493865967
dpdl-benchmark/svhn_cropped,1.4738213271228982,0.7528373003005981
dpdl-benchmark/svhn_cropped,1.5878507739420444,0.7603006958961487
dpdl-benchmark/svhn_cropped,1.7107026706081225,0.7323668003082275
dpdl-benchmark/svhn_cropped,1.8430596094117477,0.7851480841636658
dpdl-benchmark/svhn_cropped,1.9856569947584508,0.7908986210823059
dpdl-benchmark/svhn_cropped,2.139287129238106,0.7773791551589966
dpdl-benchmark/svhn_cropped,2.304803615833227,0.8103780746459961
dpdl-benchmark/svhn_cropped,2.4831261007258063,0.8251384496688843
dpdl-benchmark/svhn_cropped,2.675245383054753,0.8224960565567017
dpdl-benchmark/svhn_cropped,2.8822289200149087,0.8073080778121948
dpdl-benchmark/svhn_cropped,3.105226757885143,0.8217511177062988
dpdl-benchmark/svhn_cropped,3.345477921939666,0.842158317565918
dpdl-benchmark/svhn_cropped,3.6043173007462914,0.8319547176361084
dpdl-benchmark/svhn_cropped,3.8831830631023725,0.8426594734191895
dpdl-benchmark/svhn_cropped,4.183624648818498,0.8503201603889465
dpdl-benchmark/svhn_cropped,4.507311377748522,0.8539566993713379
dpdl-benchmark/svhn_cropped,4.856041724899652,0.8492512702941895
dpdl-benchmark/svhn_cropped,5.2317533131570695,0.8599467277526855
dpdl-benchmark/svhn_cropped,5.6365336791449465,0.855471134185791
dpdl-benchmark/svhn_cropped,6.072631872041288,0.8562614321708679
dpdl-benchmark/svhn_cropped,6.5424709497922935,0.8686522245407104
dpdl-benchmark/svhn_cropped,7.048661442157817,0.8712142705917358
dpdl-benchmark/svhn_cropped,7.5940158553917145,0.874156653881073
dpdl-benchmark/svhn_cropped,8.181564299148176,0.8852512836456299
dpdl-benchmark/svhn_cropped,8.814571322440727,0.8754363059997559
dpdl-benchmark/svhn_cropped,9.496554052198045,0.8877259492874146
dpdl-benchmark/svhn_cropped,10.23130173519855,0.8894780278205872
dpdl-benchmark/svhn_cropped,11.022896791962967,0.8953572511672974
dpdl-benchmark/svhn_cropped,11.875737499585098,0.8953935503959656
dpdl-benchmark/svhn_cropped,12.794562429531425,0.8856547474861145
dpdl-benchmark/svhn_cropped,13.784476776191466,0.8958309888839722
dpdl-benchmark/svhn_cropped,14.850980722466229,0.8915337324142456
dpdl-benchmark/svhn_cropped,16.0,0.9011802077293396
