epsilon,best_test_accuracy,max_grad_norm,learning_rate,batch_size,epochs
0.01,0.7662797125483692,1.0664524784026246,0.04240104222828796,16730,24
0.010403065027260044,0.7386401326699834,1.2865447475421972,0.026475443365795773,3076,19
0.010822376196140097,0.760530679933665,1.2879936997761456,0.0053347696433160025,8772,29
0.011258588331791665,0.7600884466556108,0.9840557684706186,0.04303509030007521,1957,12
0.011712382653077988,0.7854063018242122,2.48622628941728,0.00740494610227607,1721,24
0.012184467836412277,0.7563294637921504,0.7143286809480183,0.005669895389445814,797,55
0.012675581122475544,0.7933665008291874,2.48622628941728,0.00740494610227607,1721,24
0.013186489467542294,0.7553344389165285,2.48622628941728,0.00740494610227607,1721,24
0.01371799074121221,0.7756771697070205,0.9432745657317518,0.049093220046808814,3365,61
0.014270914972418185,0.7875069098949696,0.8195865600810859,0.029528257392696947,2380,64
0.01484612564565653,0.7866224433388612,1.5607064635047139,0.04756035816729085,10696,39
0.01544452104946379,0.7615257048092869,3.3465262991216447,0.011010785978574671,1088,12
0.016067035679245837,0.7785516860143726,0.7084726977255024,0.008221728756642031,651,56
0.01671464169665016,0.8130458817025982,3.0068815454910736,0.017843820995253917,2837,26
0.017388350447760378,0.7978993919292426,3.156155522481165,0.016105110636770704,2900,42
0.01808921404248374,0.7791044776119403,2.48622628941728,0.00740494610227607,1721,24
0.018818326997598393,0.8057490326147042,3.3465262991216447,0.011010785978574671,1088,12
0.019576827946025936,0.7885019347705915,1.7748778915116534,0.013792522453653307,1395,25
0.020365901414998954,0.7897180762852405,2.842586647766131,0.018086343779131164,2444,22
0.021186779675900134,0.8113875069098949,2.1884286129782637,0.016373139699966274,524,30
0.02204074466866206,0.8021006080707573,2.8806603322365616,0.01967900695603389,2313,20
0.02292913000373265,0.8044223327805418,3.2132596535546085,0.016912150495586444,921,12
0.023853323044733008,0.8117191818684356,3.002017226495807,0.015098746352233076,1644,46
0.024814767075059804,0.8068546158098396,1.8786729384464402,0.039366210088954176,1172,33
0.02581496355181587,0.8113875069098949,2.054732937363914,0.04106236916194461,3703,30
0.026855474450588827,0.8095080154781648,3.7860325224985085,0.035453615771808625,2366,41
0.02793792470473963,0.8081813156440022,2.834534122035664,0.029866950221815923,3776,30
0.029064004743010113,0.8216694306246545,1.8786729384464402,0.039366210088954176,1172,33
0.030235473129412858,0.8189054726368159,2.8369979667974317,0.04285700538856635,3855,46
0.031454159309525574,0.8238805970149253,1.8786729384464402,0.039366210088954176,1172,33
0.03272196646747912,0.81934770591487,1.8786729384464402,0.039366210088954176,1172,33
0.0340408744981008,0.8192371475953566,3.156155522481165,0.03705107446388854,1306,40
0.03541294309885406,0.8312880044223327,1.8786729384464402,0.039366210088954176,1172,33
0.03684031498640386,0.8170259812050856,3.156155522481165,0.03705107446388854,1306,40
0.038325219242830215,0.8266445550027639,2.0667533783599286,0.03767808801572051,2823,46
0.03986997479671607,0.8277501381978994,3.7860325224985085,0.035453615771808625,2366,41
0.04147699404454561,0.8277501381978994,3.7860325224985085,0.035453615771808625,2366,41
0.04314878661806854,0.8269762299613046,3.156155522481165,0.03705107446388854,1306,40
0.044887963303513516,0.8257600884466556,3.123089329846276,0.03591724184486555,3501,48
0.04669724011877137,0.8291873963515755,2.8746162561446438,0.019439970623237473,521,34
0.04857944255491551,0.8265339966832504,2.8746162561446438,0.04043374676823814,521,34
0.05053750998868299,0.8285240464344942,1.8786729384464402,0.039366210088954176,1172,33
0.052574500272807294,0.8214483139856275,2.4443485457985146,0.035549592600904255,557,63
0.0546935945113715,0.8285240464344942,2.105469400375436,0.04101717067289842,518,47
0.05689810202763908,0.8288557213930349,1.9959363779759098,0.042108107483473815,785,64
0.059191465532120596,0.8276395798783859,2.4443485457985146,0.035549592600904255,557,63
0.061577266498947215,0.834604754007739,3.1398057604875627,0.017611840389789194,552,61
0.0640592307589469,0.8189054726368159,3.8205592213859196,0.028163119463744633,528,62
0.06664123431815815,0.8308457711442786,2.4443485457985146,0.035549592600904255,557,63
0.06932730941086726,0.8332780541735766,2.9633360795573855,0.04109772972525895,530,34
0.07212165079662293,0.8351575456053068,2.9633360795573855,0.04109772972525895,530,34
0.07502862231106096,0.8360420121614152,2.8890794835536746,0.04280229920268738,873,52
0.0780527636807701,0.8401326699834163,2.4443485457985146,0.035549592600904255,557,63
0.0811987976128412,0.8301824212271973,2.4443485457985146,0.035549592600904255,557,63
0.08447163717017143,0.8383637368711996,2.832507665075316,0.036062087932947934,923,45
0.08787639344404101,0.839690436705362,2.4443485457985146,0.035549592600904255,557,63
0.0914183835359447,0.8338308457711443,3.403284881215796,0.01721423226268208,809,54
0.09510313886114317,0.8318407960199005,2.4443485457985146,0.035549592600904255,557,63
0.09893641378690136,0.8338308457711443,3.4026624135869614,0.030804424766883415,886,42
0.10292419461890422,0.8359314538419016,3.8205592213859196,0.028163119463744633,528,62
0.10707270894988284,0.839690436705362,3.012554351661829,0.03335936666981104,528,49
0.11138843538505198,0.8398009950248756,2.4443485457985146,0.035549592600904255,557,63
0.11587811365954495,0.8363736871199557,2.4443485457985146,0.035549592600904255,557,63
0.1205487551636476,0.8360420121614152,3.8205592213859196,0.028163119463744633,528,62
0.1254076538922676,0.8351575456053068,3.8620738449708627,0.029013343430292406,544,64
0.13046239783573813,0.8353786622443339,3.8620738449708627,0.029013343430292406,544,64
0.13572088082974532,0.8361525704809287,3.012554351661829,0.03335936666981104,528,49
0.14119131488288517,0.8432283029297954,2.4443485457985146,0.035549592600904255,557,63
0.14688224300110034,0.8403537866224433,3.8205592213859196,0.028163119463744633,528,62
0.15280255252902578,0.8400221116639027,3.554213472691759,0.032598981589762314,719,64
0.1589614890290774,0.8392482034273079,2.734072344340139,0.040836000222844525,806,64
0.16536867071995753,0.8388059701492537,3.8620738449708627,0.029013343430292406,544,64
0.17203410349712725,0.8349364289662797,3.8620738449708627,0.029013343430292406,544,64
0.17896819655869997,0.8392482034273079,3.8205592213859196,0.028163119463744633,528,62
0.18618177866116123,0.8416804864566059,2.4443485457985146,0.035549592600904255,557,63
0.19368611503029967,0.839690436705362,3.8620738449708627,0.029013343430292406,544,64
0.20149292495375765,0.8414593698175787,2.4443485457985146,0.035549592600904255,557,63
0.20961440008267682,0.8359314538419016,3.8205592213859196,0.028163119463744633,528,62
0.218063223471019,0.8422332780541736,3.8205592213859196,0.028163119463744633,528,62
0.22685258938229497,0.8405749032614704,3.8205592213859196,0.028163119463744633,528,62
0.23599622389463348,0.8413488114980652,3.8205592213859196,0.028163119463744633,528,62
0.24550840633636933,0.8385848535102266,2.734072344340139,0.040836000222844525,806,64
0.2554039915856232,0.840906578220011,2.4443485457985146,0.035549592600904255,557,63
0.2656984332687014,0.8410171365395246,3.8205592213859196,0.028163119463744633,528,62
0.27640780789354147,0.8371475953565506,3.554213472691759,0.032598981589762314,719,64
0.28754883995589126,0.8390270867882809,2.4443485457985146,0.035549592600904255,557,63
0.2991389280574328,0.8403537866224433,2.4443485457985146,0.035549592600904255,557,63
0.3111961720766338,0.8403537866224433,3.8620738449708627,0.029013343430292406,544,64
0.3237394014347626,0.8404643449419569,3.8205592213859196,0.028163119463744633,528,62
0.33678820450120794,0.8402432283029297,3.8205592213859196,0.028163119463744633,528,62
0.35036295918402205,0.8424543946932007,2.734072344340139,0.040836000222844525,806,64
0.3644848647534637,0.8389165284687673,2.4443485457985146,0.035549592600904255,557,63
0.3791759749482365,0.8389165284687673,3.012554351661829,0.03335936666981104,528,49
0.394459232416123,0.8413488114980652,2.4443485457985146,0.035549592600904255,557,63
0.4103585045428009,0.8410171365395246,3.554213472691759,0.032598981589762314,719,64
0.4268986207247944,0.8399115533443892,3.8620738449708627,0.029013343430292406,544,64
0.4441054111447659,0.8404643449419569,2.4443485457985146,0.035549592600904255,557,63
0.46200574710970554,0.8403537866224433,3.8205592213859196,0.028163119463744633,528,62
0.4806275830150126,0.840906578220011,3.8205592213859196,0.028163119463744633,528,62
0.5,0.8416804864566059,3.8205592213859196,0.028163119463744633,528,62
